SOCIAL, cant reach longer bunch nonsens garbag sit note section cant get rid
SIDE_FEATURE, text messag work that
SECURITY, unblock account
SIDE_FEATURE, hell get sign app pleas kindli fix
SOCIAL, broken want know birthday matter date enter say cant verifi
SIDE_FEATURE, unabl open line today articl via app oneplu 3t oxygen os 5.1 android 8.0
SOCIAL, updat version didnt share button wechat articl moment top right corner anymor cant post anyth share anyth
SOCIAL, enjoy use wechat time recent encount problem use look around peopl nearbi function
SIDE_FEATURE, also dismiss notif sometim return coupl minut late
SIDE_FEATURE, need friend first creat account
SOCIAL, see last onlin time
SIDE_FEATURE, must abl receiv sent china rmb wechat friend thumb
SIDE_FEATURE, also pictur avail download time
SIDE_FEATURE, pleas fix notif issu
SOCIAL, worst app ever account link phone number hack unlink hacker without consent
SIDE_FEATURE, im use noftic
OTHERS, show onlin
SOCIAL, make call annoy echo note
SIDE_FEATURE, activ one wechat new account
SIDE_FEATURE, pleas fix wechat pay
SIDE_FEATURE, crash video call sometim type actual noth type cursor disappear
SIDE_FEATURE, peopl nearbi doesnt appear friend list
SIDE_FEATURE, account got block regist reason dont know
SIDE_FEATURE, secur verif issu
SIDE_FEATURE, cant talk other properli without thing delet chat
SOCIAL, cant even set account without live china know someon chines verifi ident
SIDE_FEATURE, cant login shame shame need access contact list
SOCIAL, hope tencent add function allow user log simultan phone android tablet ipad
SIDE_FEATURE, pixel becom hot min video chat
SIDE_FEATURE, thank new version line send messag wifi photo
SIDE_FEATURE, alway say error tri download
SIDE_FEATURE, regist
SIDE_FEATURE, nearbi peopl cant see wechat
SOCIAL, chang type verif account regist type secur realli annoy chang use other help verifi
SIDE_FEATURE, new updat get get notif
SIDE_FEATURE, dont know photo wechat folder miss suddenli disappear
SIDE_FEATURE, app look like could great wouldnt allow access second time
SIDE_FEATURE, perhap way assign word custom sticker happi cri wow etc eas use download sticker set
SECURITY, let login old account use mobil number
SIDE_FEATURE, app quit good cant send messag chat receiv msg cant repli
SIDE_FEATURE, send text short movi clip sound voic record
SIDE_FEATURE, wechat pay work wallet
SIDE_FEATURE, tri log back year still fail
SIDE_FEATURE, use work fine late alert get messag
SIDE_FEATURE, everyth perfect dont receiv notif automat app run background
SIDE_FEATURE, cant even log account
SOCIAL, last one annoy loud
SOCIAL, though got lot issu sinc switch oneplu fingerprint payment crash servic like movi ticket train ticket also never load
SOCIAL, last updat stop abl mute app even forc stop app somehow continu send notif
SOCIAL, dont know anyon also wechat phone cant even sign
SIDE_FEATURE, account got block need someon verifi activ
SIDE_FEATURE, notif wont show im open app
SIDE_FEATURE, instal app could commun husband china howev day deni access hard fulfil requir need afterward sinc user environ
SIDE_FEATURE, last updat chat list there disturb thing top
SIDE_FEATURE, also cant upload photo choos countri code step previou tune miss choos anoth
SIDE_FEATURE, get might secur featur bot your tri connect peopl abl creat account suck
SIDE_FEATURE, alway block peopl nearbi noth
SOCIAL, sign aw havent app year want reconnect ppl ask scan qr code old phone gone year get chat buddi send code via chat dont know anyon knew even still app
SIDE_FEATURE, must friend contact
SIDE_FEATURE, support poll ladder shuffl tablet pc
SIDE_FEATURE, reinstal smartphon u want login email
SIDE_FEATURE, friend use peopl nearbi search wechat doesnt appear list mine appear
SIDE_FEATURE, abl get call
SIDE_FEATURE, troubl chang id decid log log back said got ban
SIDE_FEATURE, invit group cant see chat histori
SIDE_FEATURE, photo profil app low qualiti
SECURITY, unabl log
SIDE_FEATURE, cant send verif code activ account that
SIDE_FEATURE, silli idea port next phone via wifi usual old phone alreadi traded-in
SIDE_FEATURE, block account easili least unblock asap
SIDE_FEATURE, receiv send messag somehow media file never go
SIDE_FEATURE, cant login old account reset phone
SOCIAL, fail recogn phone number order sign im gonna creat facebook account
SECURITY, tri get famili help activ account told couldnt
SIDE_FEATURE, search keyword instead readi hashtag
SIDE_FEATURE, cant watch video
SIDE_FEATURE, account start pleas help fast
SIDE_FEATURE, also bad call qualiti compress even wifi
SIDE_FEATURE, abl add friend huh
SIDE_FEATURE, decid dont care want delet account tell wait two week tri
SIDE_FEATURE, also post photo video screen realli weird
SOCIAL, hard login retriev password keep us give run around let go circl person contact terribl
SIDE_FEATURE, contact wechat user cant sign
SIDE_FEATURE, fail sign everi time despit follow instruct set
SIDE_FEATURE, sinc day one cant login without weechat tell account compromis
SIDE_FEATURE, friend receiv messag send
SECURITY, also reason imag upload profil pic background upload low resolut
SIDE_FEATURE, actual prefer use line found benefit whatsapp could provid line doesnt
SIDE_FEATURE, would chang secur login would
SIDE_FEATURE, account block reason use form broken
SIDE_FEATURE, secur verif option poor
SIDE_FEATURE, cant even sign
SOCIAL, cant send someon money unless bank account debit card attach wechat
SIDE_FEATURE, understand verifi account relogin account cant verifi 12am 7am
SIDE_FEATURE, cant get place properli cant even load updat place
SIDE_FEATURE, imposs creat new account even reset password
SIDE_FEATURE, im nt abl reinstal line send verif code
SIDE_FEATURE, click pictur sent get black screen
SOCIAL, dont blame phone googl map facebook instagram whatsapp even bank app could pin locat better dot
SIDE_FEATURE, forreal though let search user pm add tri everi singl search field noth
OTHERS, sync data n stuck
SIDE_FEATURE, problem latest updat sticker dont alway show chat end send
SOCIAL, terribl experi app dont understand differ login sm new signup develop seem confus need help translat
SIDE_FEATURE, good verif use old way choos friend dp
SECURITY, unlik messag app uss phone number login u get ur account back
SIDE_FEATURE, pleas make longer post video moment
SIDE_FEATURE, dont receiv messag time lag
SIDE_FEATURE, dont get ad
SIDE_FEATURE, new updat show mesag arriv
SIDE_FEATURE, even block one recov account
SIDE_FEATURE, tri unlock number time contact support seem exist repli got complain noth
SOCIAL, say app cannot view multi window
SIDE_FEATURE, need someon unlock
SIDE_FEATURE, app work properli block certain reason even bother solv problem
SIDE_FEATURE, permiss allow access basic everi function os
SIDE_FEATURE, dont want statu post timelin
SOCIAL, move anoth countri old phone number termin abl chang countri code link number anoth countri
SIDE_FEATURE, late messag wont sent resend seem use
SIDE_FEATURE, worst secur verif ever guess gear toward chines
SIDE_FEATURE, need see suggest sticker didnt buy yet
SIDE_FEATURE, peopl nearbi featur work
SIDE_FEATURE, instal one nearbi use app suppos complet qr scan
SOCIAL, told find user grant ne access told dont live mainland china
SIDE_FEATURE, im troubl recov account
SIDE_FEATURE, account block reason unblock process crappi af
SIDE_FEATURE, add edit easi hare media faster
SIDE_FEATURE, good gener constant notif delay 8-10 min could receiv messag sender
SIDE_FEATURE, notif color chang blue
SIDE_FEATURE, also need reply-to featur otherwis hard know messag partner repli chat
SOCIAL, frequent disconnect call
SOCIAL, none friend figur nonsens contact verif process guess im done app
SIDE_FEATURE, add featur backup chat period googl drive
SOCIAL, garbag inconveni way set
SIDE_FEATURE, could add call option account recoveri account secur pleas
SIDE_FEATURE, account block cannot retriev password
SIDE_FEATURE, alway error notif view profil pictur
SIDE_FEATURE, unfortun cannot log wechat
SIDE_FEATURE, hell creat account
SIDE_FEATURE, basic handov admin access remot access third parti even dont permit access
SOCIAL, like line voic video call whatsapp cant rememb password got new phone cant get account wont send reset email matter mani time tri
SIDE_FEATURE, unabl log previou account account recoveri option imposs
SIDE_FEATURE, ad peopl confus
SIDE_FEATURE, last updat think there glitch bottom friend list dont open
SOCIAL, kindli add mark option convers
SIDE_FEATURE, like app social media news sourc one awesom
SIDE_FEATURE, pleas add line lite fitur that make line one group chat
SIDE_FEATURE, regist account take mani day seen peopl nearbi week
SOCIAL, tri instal day nonsens secur verif pop
SOCIAL, peopl cannot seen nearbi
SOCIAL, cant sign unless know someon use app month
SIDE_FEATURE, alway get late show text he show text open text updat
SIDE_FEATURE, love app sticker select spam friend pleas implement sort better sticker sort featur
SOCIAL, wake lock count show extrem high keep activ step counter sensor even bodi sensor disabl werun
SIDE_FEATURE, problem app
SIDE_FEATURE, cant watch video app
SOCIAL, annoy phone keep vibrat unimport group chat meanwhil need vibrat import person chat
SIDE_FEATURE, sometim worst voic call wont show
SIDE_FEATURE, nice experi video audio call compar whatsaap
SECURITY, secur simpli stupid useless
SIDE_FEATURE, uninstal app saw forc user give permiss
SIDE_FEATURE, im use xiaomi redmi note resolut x chat wallpap doesnt stretch whole chatroom
SOCIAL, end end encrypt unlik whatsapp whatsapp use half resourc wechat
SIDE_FEATURE, say number recognis go sign section
SIDE_FEATURE, abl sign secur verif noth show complet white screen appear
SIDE_FEATURE, ask entri user mobil number dont
SIDE_FEATURE, verif friend help anoth wechat account doesnt work
SIDE_FEATURE, regist thai sim card cant call send messag got home
SIDE_FEATURE, upgrad phone realiz app doesnt support split screen samsung g8 pleas fix rate
SIDE_FEATURE, longer get pop up tell got messag realli frustrat
SIDE_FEATURE, notif isnt work updat
SECURITY, account suspici activ
SIDE_FEATURE, cant even get notif time
SIDE_FEATURE, peopl cant see peopl nearbi
SOCIAL, simpli imposs get account setup without know access hassl anoth look good time user hasnt verifi anyon els
SIDE_FEATURE, tri regist info softbank say possibl perform reason exist becuas skype wasnt smart
SIDE_FEATURE, need abl quot messag edit good
SIDE_FEATURE, couldnt set penalti dorcw friend still dont app
SIDE_FEATURE, even set notif
SIDE_FEATURE, stupid app wont let regist account say number abnorm
SIDE_FEATURE, ive use wechat recent log everi friday block log
SIDE_FEATURE, new account last week block account two
SIDE_FEATURE, app want privaci function accept user
SIDE_FEATURE, abl switch wechat pay malaysia region
SIDE_FEATURE, tri sign three day wont let
SIDE_FEATURE, new updat good lost voic call alway error delet chat massag felt suck much bandwith older version
OTHERS, say account compromis
SIDE_FEATURE, also abl choos display languag offer gain free point
SOCIAL, stupid nonsens ask friend send temporari code
SECURITY, dont support app shortcut must use phone permiss hate
SOCIAL, reinstal fix sync issu shouldnt reinstal first place shoud login email never ask one
SIDE_FEATURE, keep put back sign sheet matter mani time tri log
SIDE_FEATURE, didt actuali use im play litt diari stori still deserv free actuali bad
SIDE_FEATURE, normal star let updat broke notif pop up
SIDE_FEATURE, cours open app see messag bug unus
SOCIAL, reinstal tri reconnect fb account say invalid account password
SIDE_FEATURE, cannot login becu dont rember password
SIDE_FEATURE, report system useless didnt verifi respons asap
SECURITY, suppos log
SIDE_FEATURE, messag go realli feel bad kindli fix problem
SIDE_FEATURE, littl heavi phone memori usag overal ui
SIDE_FEATURE, complet sign process window pop say account block use unoffici app
SIDE_FEATURE, scummi thing buy sticker ever still featur
SIDE_FEATURE, reason dont delet account caus bought lot sticker theme f
SIDE_FEATURE, also dont support email facebook signup anymor still
SIDE_FEATURE, regist need friend wechat meet certain condit
SIDE_FEATURE, lost contact tri retriev password ask fill bank account id card detail
SIDE_FEATURE, cant log sign one month block user pleas u help
SIDE_FEATURE, say someon wechat account need verifi account
SIDE_FEATURE, recent app cant pop notif till click check
SIDE_FEATURE, two thing pleas add languag translat easi add chat
SIDE_FEATURE, download wechat day ago im unabl use featur peopl nearbi
SIDE_FEATURE, cant login facebook account
SIDE_FEATURE, said need someon els number use wechat
SIDE_FEATURE, fix verif process
SIDE_FEATURE, total unreli get messag notif check
SIDE_FEATURE, wechat wallet money gone like updat
SIDE_FEATURE, hard upload document feel heavi countri internet speed make share document tortur
SIDE_FEATURE, dont agre wont let use app keep log
SIDE_FEATURE, kind secur verif
SOCIAL, dont send mail tablet
SOCIAL, mani line today notif
SIDE_FEATURE, cannot get past polici screen sign
SIDE_FEATURE, ive use app foe year hope would pleas fix pictur video send
SIDE_FEATURE, except one thing limit send photo one go
SIDE_FEATURE, hope make simpler dont need login
SIDE_FEATURE, also requir wide access content phone secur privaci risk
SIDE_FEATURE, updat app none incom messag got notifi
SIDE_FEATURE, use oppo f1 unabl clear notifc display app logo
SIDE_FEATURE, re-instal chat gone
SIDE_FEATURE, late voic
SIDE_FEATURE, pleas help didnt find account new updat difficult sign sign
SOCIAL, recent havnt abl send gif phone line app
SIDE_FEATURE, open app messag came
SOCIAL, glitch level cup attach conveyor wont releas cannot progress beyond level
SIDE_FEATURE, open app check msg time time
SIDE_FEATURE, pleas fix use oppo f7 cph android version 8.0 thank
SECURITY, reason account suspend
SIDE_FEATURE, complic sign setup ive tri multipl time sign someon invit
SIDE_FEATURE, instal deep system
SIDE_FEATURE, friend want regist couldnt
SIDE_FEATURE, ad peopl chat beyond imposs seem
SIDE_FEATURE, disabl batteri optim doesnt work either
SIDE_FEATURE, intrus notif
SIDE_FEATURE, final unpleas aspect sketchi permiss prepar notifi call bad time
SIDE_FEATURE, problem log account
SIDE_FEATURE, receiv messag doesnt pop notif open app first get notifi :(
SIDE_FEATURE, much laggi took min creat account caus slow laggi interfac
SIDE_FEATURE, great app gave star send video pictur minut delet
SIDE_FEATURE, frustrat creat album phone make easier find pic want chat room album
SIDE_FEATURE, even shake respons reciev
SOCIAL, cant search peopl cant use help option cant report error messeng
SIDE_FEATURE, someon text dont receiv time messag unless open line app
SIDE_FEATURE, tri creat account automat ask verifi found someon countri account less month
SECURITY, upload photo album via nokia plu
SOCIAL, pleas help regist login account new devic ive correct credenti user id password email
SIDE_FEATURE, dissapoint app updat automat couldnt send reciev chat anymor even call
SIDE_FEATURE, pleas bring back pop-up notif
SIDE_FEATURE, ive tri use everi variat password sun charact special number cap lower case everi time get error log fail sign option
SOCIAL, lost contact thank line
SIDE_FEATURE, log back verifi phone number still block account
SOCIAL, cant make call line
SIDE_FEATURE, realli need someth notif app
SIDE_FEATURE, pro add imag emoji
SIDE_FEATURE, realli need chang white user background text bubbl color
SIDE_FEATURE, start ad advertis sticker suggest well
SECURITY, ive tri mic regular call pretti much app could find use mic work
SIDE_FEATURE, use samsung s9 cannot receiv notif pop screen lock screen
SIDE_FEATURE, help repair contact
SIDE_FEATURE, want delet ask wait two week delet account spend two horribl week app
SIDE_FEATURE, alway tell system busi tri later
SIDE_FEATURE, pleas allow id edit conveni
SIDE_FEATURE, play video line get 10-30 kbp
SOCIAL, new updat good pop screen turn alway display sumsung galexi a7 dont know send messag messag open app pl approv matter
SIDE_FEATURE, messag get deliv recipi devic come back onlin
SOCIAL, often cannot make group call even friend start cannot join gc
SIDE_FEATURE, memor photo video unabl load
SOCIAL, find new friend use peopl nearbi useless cannot find anyon accept
SIDE_FEATURE, got new phone app make login email
SECURITY, rubbish secur featur
SIDE_FEATURE, updat line friend cant receiv messag
SOCIAL, support android background process limit dont want app run background receiv notif handl push anyway
SIDE_FEATURE, moment im use date cannot access
SIDE_FEATURE, app ok cant chang notif sound
SIDE_FEATURE, instal app friend say wallet good use regist alway get verivi reject say caus first last name blablabla
SIDE_FEATURE, ive dont like video player interfac recent updat
SIDE_FEATURE, abl get messag deliv
SIDE_FEATURE, download board king reach level took three day yet didnt get reward pleas fix
SIDE_FEATURE, chines pose foreign exchang trader use fake femal profil
SIDE_FEATURE, even alway open peopl nearbi peopl cant found
SIDE_FEATURE, peopl cant search peopl nearbi
SIDE_FEATURE, guy make abl backup chat histori one singl file keep safe place keep everyth cellphon safe
SIDE_FEATURE, ive alreadi turn notif app phone set turn volum didnt help
SIDE_FEATURE, everytim want send gif alway say error occur im use googl keyboard btw
SIDE_FEATURE, sometim translat work
SIDE_FEATURE, cant use sticker bought via line app mobil applic pc use
SECURITY, stuck upload profil pictur
SOCIAL, howev think app better block peopl delet peopl person would longer other contact info
SIDE_FEATURE, need mani unrel permiss access like phone work
SIDE_FEATURE, messag work contact disappear list friend cant messag
SIDE_FEATURE, notif come minut messag sent
SIDE_FEATURE, well new version one log stop say chat lower version cant log
SIDE_FEATURE, secur requir frustrat restrict prove almost imposs instal
SIDE_FEATURE, get pop-up notif android back
SOCIAL, sign ask secur check ask friend scan qr code none friend use app
SIDE_FEATURE, advis log wechat frequent use devic pleas let know go solv issu
SOCIAL, there bug send pictur group chat second time send button disappear cant send forc app close reopen send
SIDE_FEATURE, keep mind write matter public privat subject surveil chines govern
SIDE_FEATURE, authent step go get utterli laughabl
SOCIAL, tri sign verif code receiv app show suspici registr use phone real one emul anyth suspici thing support site load
SECURITY, unabl signup due secur issu sinc day
SOCIAL, everyday got friend recommend chines name even auto friend
SIDE_FEATURE, cannot turn locat permiss
SOCIAL, account current protect statu due inact annoyingli complic reactiv account
SIDE_FEATURE, lose phone phone die get noth back
SIDE_FEATURE, sometim say network error wifi cellular speed averag usual 3mb everyday
SIDE_FEATURE, updat opej photo becom much slower
SECURITY, doesnt support multipl simultan client account
SIDE_FEATURE, quit easi use lag sometim take minut deliv singl messag
SECURITY, diffucult pass secur check u dont friend use app ling enough
SIDE_FEATURE, need get someon verifi account
SIDE_FEATURE, video call improv stabil previou review latest updat found phone heat lot video call
SIDE_FEATURE, unabl verifi everyon sign
SIDE_FEATURE, cant even access anyth
SIDE_FEATURE, kept miss import text notif wont show sound
SIDE_FEATURE, disappear recent updat android updat couldnt choos default android notif rington
SIDE_FEATURE, abl send messag voic clip even make call
SIDE_FEATURE, use throw error least let plug gif though doesnt move
SIDE_FEATURE, bring back old notif set
SIDE_FEATURE, enter code uve given unus
SIDE_FEATURE, spent time tey verifi
SIDE_FEATURE, still profil invis
SIDE_FEATURE, get run next day lock suspici activ far prove imposs get back
SIDE_FEATURE, cant sign need wait longer time sign failur receiv code
SIDE_FEATURE, pleas bring noti sound back set
SIDE_FEATURE, good dont like new featur make sticker show im type dont actual
SIDE_FEATURE, unfortun didt loge
SIDE_FEATURE, doesnt even ask confirm password easi mess right away
SIDE_FEATURE, pleas make notif bar like use
SIDE_FEATURE, updat still broke pixel 3xl cant send photo wifi call
SOCIAL, cant sign sinc dont know anyon wechat hate
SIDE_FEATURE, oh goodi messeng app cant read messag
SECURITY, difficult watch video chat
SIDE_FEATURE, make line user uncomfort
SIDE_FEATURE, basic one verifi sign wechat account
SIDE_FEATURE, popup notif icon disappear second delay
SIDE_FEATURE, help buy sticker
SIDE_FEATURE, frustrat disfunct account creation process
SIDE_FEATURE, happen quit often especi call open app call end like
SIDE_FEATURE, ive use line long time recent got glitch notif line app logo cant disappear
SIDE_FEATURE, cant add new friend nearbi peopl
SIDE_FEATURE, pleas bring back pop notif
SIDE_FEATURE, assist greet workabl
SIDE_FEATURE, boi serious beta tester would recommend
SIDE_FEATURE, polish languag
SIDE_FEATURE, receiv verif code
SIDE_FEATURE, mani intern advertis
SIDE_FEATURE, u even let peopl sell theme u still keep reloc ui ux
SIDE_FEATURE, also make feedback cant submit
SIDE_FEATURE, feel weird use shake app chines user met
SOCIAL, emoji realli bad noth funni interest
SIDE_FEATURE, best featur wechat pay
SIDE_FEATURE, friend need wechat creat account
SIDE_FEATURE, quit convers first see whether send messag
SIDE_FEATURE, dont pop notif
SIDE_FEATURE, keyboard doesnt hide touch blank place
SIDE_FEATURE, updat app automat help chang languag mani time
SIDE_FEATURE, variou sticker emoticon
SIDE_FEATURE, free call isnt answer
SOCIAL, account suspend violat reason never
SIDE_FEATURE, notif somehow got worst
SIDE_FEATURE, pleas make option float video call hide still see caller
SIDE_FEATURE, know one wechat cant get account back
SIDE_FEATURE, skype what messeng better phone call
SIDE_FEATURE, clear unread messag howev notif still
SIDE_FEATURE, password reset retriev requir code sent via chosen method
SIDE_FEATURE, doesnt give notif new messag arriv
SIDE_FEATURE, block tri follow instruct get contact help indenfi
SIDE_FEATURE, scare hacker get bank detail wechat
SIDE_FEATURE, line call averag score compar app
SIDE_FEATURE, home photo crop badli
SIDE_FEATURE, stuck error much attempt
SIDE_FEATURE, cant even sign
SIDE_FEATURE, emot sticker suggest order keyword popup alway get reset updat
SIDE_FEATURE, malaysian cannot use wechat wallet anymor
SIDE_FEATURE, pleas return old profil interfac
SIDE_FEATURE, pictur sent receiv low qualiti despit qualiti set high
SOCIAL, english text fix would lot better mani occas chines link sent dont know read speak fluentli
SIDE_FEATURE, notif error
SIDE_FEATURE, wechat pleas fix problem note friend s8 media reset everytim app close app isnt open devic shutdown
SOCIAL, alway useless notif sticker point nonsens must contact auto-ad
SECURITY, resolut photo profil bad upload
SIDE_FEATURE, app good ive troubl receiv call notif phone
SECURITY, issu mani year would nice could fix damn issu
SIDE_FEATURE, recent wechat hard sign
SECURITY, pleas fix log mumi account other way
SIDE_FEATURE, simpl messag friend contact move app allow instantli
SIDE_FEATURE, app give error messag everytim tri send gif messag snapchat sticker googl keyboard
SIDE_FEATURE, poor video call
SOCIAL, use app commun team member game time kinda annoy constantli turn phone upright back landscap mode
SIDE_FEATURE, 4000mah batteri drain video call
SIDE_FEATURE, allow send longer clip
SIDE_FEATURE, recogn front camera cellphon
SIDE_FEATURE, block ask authent friend account
SIDE_FEATURE, im gonna give app star line admin group chat
SIDE_FEATURE, search web problem report year ago seem still exist
SECURITY, problem line except tri put pictur home becom somewhat pixel hope youll consid fix problem futur
SIDE_FEATURE, ethiopian phone list signup
SIDE_FEATURE, devic set option cant get
SOCIAL, news banner keep pop screen realli annoy
SIDE_FEATURE, account block forgotten password
SIDE_FEATURE, instead app ask permiss user specif need
SIDE_FEATURE, bottl featur peopl nearbi also work
SECURITY, account block unabl log
SIDE_FEATURE, pleas give us min length video timelin
SIDE_FEATURE, free voic call messag call
SOCIAL, im tri creat account ask scan qr code anoth phone chat
SIDE_FEATURE, pleas let use messag bottl featur
SOCIAL, tri transfer account new ohon line recogn thai phone number
SIDE_FEATURE, problem notif
SECURITY, new updat cant use multi window
SIDE_FEATURE, messag sent hour receiv receiv messag hour
SECURITY, lack featur
SOCIAL, abl use e-wallet dont credit card china mainland ic number
SIDE_FEATURE, first time use wechat download playstor sign number get block
SIDE_FEATURE, error search line id
SIDE_FEATURE, unaccept requir permiss especi locat
SIDE_FEATURE, like theme sticker featur
SIDE_FEATURE, good app buuutt everi time need put password
SIDE_FEATURE, commun server time account registr effect stop even set account let alon actual use app
SIDE_FEATURE, edit still cant post tweet properli pleas fix
SIDE_FEATURE, ask mani thing like like friend confirm
SIDE_FEATURE, havent use app much late give notif issu cant even access account
SIDE_FEATURE, id cannot detect other
SIDE_FEATURE, im get messag intil open app
SOCIAL, anyon group kick person weve number incid random peopl join rapidli kick group member
SIDE_FEATURE, add age filter also search peopl
SIDE_FEATURE, tri leav squar came back error wont let join back squar
SIDE_FEATURE, ad everywher
SIDE_FEATURE, worst app ever tri even regist couldnt pass
SOCIAL, current notif line android show last unread messag convers io show everi unread messag
SIDE_FEATURE, notif wont show
SIDE_FEATURE, horribl secur mean hard login devic
SIDE_FEATURE, cant send messag wifi connect unstabl app error afterward
SIDE_FEATURE, unabl creat account
SOCIAL, didnt get code verif tri regist phone number said ask friend scan qr code
SIDE_FEATURE, bad new ui
SIDE_FEATURE, forgot password found difficult even login back keep bring much rubbish secur
SIDE_FEATURE, notif dont appear latest updat cant turn messag notif
SIDE_FEATURE, call video bad
SIDE_FEATURE, dont get sm code account
SIDE_FEATURE, sometim difficult differ person chat group chat
SOCIAL, portrait cover pic realli annoy sinc cover entir phone screen :/
SIDE_FEATURE, love emoji
SOCIAL, got ban reason line squar cant even chat squar reason
SIDE_FEATURE, last friday l lost abliti open red pocket good reason
SIDE_FEATURE, line great app video call last updat
SIDE_FEATURE, cant even copi past messag
SIDE_FEATURE, what wrong line cant send messag srsli fix asap
SIDE_FEATURE, want chang notif sound set wont letm complet differ xiaomi set
SIDE_FEATURE, peopl could post question materi rude statement one could get rid
SIDE_FEATURE, late notif keep get stuck
SIDE_FEATURE, bad thing app cant open timelin post share timelin
SECURITY, account got log wechat team claim unusu activ
SIDE_FEATURE, made miss import msg client
SIDE_FEATURE, tri deactiv delet account alway receiv system error repli
SIDE_FEATURE, lame wechat work kind secur check ask contact wechat user help
SIDE_FEATURE, abl send photo latest updat
SOCIAL, cant sign dont know chat know peopl could secur check imposs
SIDE_FEATURE, cant log facebook
SIDE_FEATURE, last updat notif becom silent show pop without sound
SIDE_FEATURE, stupid ad chat list remov
SIDE_FEATURE, also incred difficult ridicul tri way earn point tapjoy usual credit
SIDE_FEATURE, delet app take much space
SIDE_FEATURE, howev tri chanc set app function also abort
SIDE_FEATURE, use phone number veey difficult chat ither sometim use icon desktop
SIDE_FEATURE, read thru post see one suffer abl send pictur thru app
SOCIAL, cant chat open anoth app vidcal
SIDE_FEATURE, unabl set wallet malaysia
SIDE_FEATURE, login via number
SIDE_FEATURE, #wechatstolendata wastedpricelestim alway send search upload suck data
SIDE_FEATURE, also pleas creat lite version wechat
SIDE_FEATURE, inact account becom obsolet verif peopl didnt work
SIDE_FEATURE, want much control user data
SIDE_FEATURE, suggest upgrad app didnt see onlin
SIDE_FEATURE, ive unabl answer call
SOCIAL, cannot chang chat notif sound latest updat
SIDE_FEATURE, ban twice instal critic bug made china cant expect
SIDE_FEATURE, sometim someon ring text wechat notif work sometim dont notifi call text open app
SIDE_FEATURE, nearbi peopl work month
SIDE_FEATURE, login possibl messag say need upgrad despit tri recent googl play offici apk wechat
OTHERS, mani ad
SIDE_FEATURE, continu show messag sent one messag
SIDE_FEATURE, realli need option assign notif tone per contract like messag servic
SIDE_FEATURE, also lag hard tri scroll chat room often miss lot use inform group
SIDE_FEATURE, cant chang messag alert updat
SIDE_FEATURE, got anoth new problem font chang didnt make chang font set check default
SOCIAL, dont know account block
SIDE_FEATURE, slow open clip post wort
SIDE_FEATURE, option avail store download file sd card
SIDE_FEATURE, save video
SECURITY, log im unabl log back
SIDE_FEATURE, well password doesnt work
SIDE_FEATURE, reinstal attempt get work wont download sticker
SIDE_FEATURE, tri time sign
SIDE_FEATURE, like use line reformat may phone cant login may account
SIDE_FEATURE, one style sticki top sticker galleri
SECURITY, could even use block say use emulat unauthor plugin
SIDE_FEATURE, wish could put larg horizont imag profil background like
SIDE_FEATURE, nearbi peopl cannot see avatar
SIDE_FEATURE, im alot game group line app use gif alot cant
SIDE_FEATURE, anyway transfer chat histori app anoth app
SIDE_FEATURE, ive use line year somehow cant make voic call minut
SIDE_FEATURE, idk call notif set set sound cant chang import
SIDE_FEATURE, dont realli mind home updat overal perform suddenli got realli wors
SOCIAL, tencent state app chines citizen make account registr recoveri imposs west
SIDE_FEATURE, puzzl abl add son mobil group chat despit ave sent request wechat
SIDE_FEATURE, get alot notif new chat go
SIDE_FEATURE, suddenli retriev account use verif wechat user whenev tri verifi account alway say error
SIDE_FEATURE, need press second time sound trueli record what probelm
SIDE_FEATURE, ask local user creat account name secur
SIDE_FEATURE, dont need lot featur like wallet etc
SIDE_FEATURE, luck month support zero percent
SIDE_FEATURE, liter ask everi singl phone permiss could ever imagin
SIDE_FEATURE, new updat gf realis messag often delay 3-5 minut prompt open app messag prompt
SIDE_FEATURE, use 3/4 year amaz app sometim notif weird come realli late
SIDE_FEATURE, blur pictur app clear pictur download
SIDE_FEATURE, took five star game work
SIDE_FEATURE, keep loop captcha verif
SECURITY, douchebag updat give us annoy pop ad hundr time
SIDE_FEATURE, also ban day stall understand start peopl last updat hurri fix either
SIDE_FEATURE, cant rememb password send verif code emil incan reset
SIDE_FEATURE, cant search said unknow error occur pleas tri later im mad right
SIDE_FEATURE, latest line updat cant choos sound notif
SOCIAL, download app say version date immedi cannot updat
SIDE_FEATURE, applic alway stall notif pop
SIDE_FEATURE, convert languag mobil urdu english option hold talk disappear
SIDE_FEATURE, recent updat kill gif bitmoji use
SIDE_FEATURE, cant send verif code sm
SECURITY, would much better could link bank account countri
SECURITY, cannot use multipl window anymor
SIDE_FEATURE, extrem frustrat messag dont see hour rememb open app check
SOCIAL, uninstal reinstal bit wont let log
SIDE_FEATURE, pleas also consid make night mode dark theme app
SIDE_FEATURE, dear wechat pleas resolv issu cant use account
OTHERS, add symbol
SIDE_FEATURE, qr code reader problem focus soni xperia phone
SIDE_FEATURE, becom obnoxi especi like app doesnt work properli
SOCIAL, photo video menu person chat doesnt show anyth even sent pic video
SIDE_FEATURE, reset email sent last two day request
SIDE_FEATURE, spent hour tri regist
SIDE_FEATURE, regist there friend use wechat month alreadi
SIDE_FEATURE, manag applic make easier want recov account back especi foreign tri use applic secur enjoy
SIDE_FEATURE, could add friend find
SIDE_FEATURE, reason last updat made cant share gif anymor
SIDE_FEATURE, ask someon could verifi dont bother send anyth verifi cannot get talk team
SIDE_FEATURE, cant see someon last seen like call app
SIDE_FEATURE, month still receiv mesag notif
SIDE_FEATURE, terribl come delet account
SIDE_FEATURE, wallpap alway chang back default week pleas fix problem
SIDE_FEATURE, wechat mini program cannot work well
SIDE_FEATURE, ugh cover home photo qualiti horribl that super annoy see
SIDE_FEATURE, sticker need littl bit time load
SIDE_FEATURE, call also work without line open
SIDE_FEATURE, either set abil mention theme choic color user least fix free black theme line apk
SIDE_FEATURE, time say invalid number sigh
SIDE_FEATURE, longer access account
SIDE_FEATURE, cannot replac new profil photo
SIDE_FEATURE, line best app cant see friend home post click written servic avail anymor
SIDE_FEATURE, conveni app late cant use camera like wtf let use motherfuck laggi
SECURITY, account automat unregist
SIDE_FEATURE, tri time sign
SIDE_FEATURE, horribl two time idi block last day without reason
SIDE_FEATURE, didnt know delet go caus disappear
SIDE_FEATURE, could publish see photo pictur directli timelin
SIDE_FEATURE, stop search near buy cant one tell
SIDE_FEATURE, dead end log-in
SIDE_FEATURE, chang profil pictur phone blurr crash
SECURITY, use line chat everyday commun unfortun im unabl unfriend offici account
SIDE_FEATURE, cant even signup
SOCIAL, longin account secur check bad account year old use new phone wen longin account app sad bad bad experi wechat bad bad
SIDE_FEATURE, sign phone eras everyth like made new account
SIDE_FEATURE, user get messag ask friend use approv anoth user
SIDE_FEATURE, alway cancel account
SIDE_FEATURE, good first dont get notif close app pleas fix next updat
SIDE_FEATURE, new profil display wors think big portrait cover pictur
SIDE_FEATURE, newer version allow password charact
SIDE_FEATURE, fix verif wechat
SECURITY, use app less week account got randomli block say use unauthor plugin hadnt
SIDE_FEATURE, dont understand use point buy sticker
SIDE_FEATURE, also ad option wechat user choos check list option option app portion desir
SIDE_FEATURE, undo would ask sender resend messag
SIDE_FEATURE, play video thr timelin becom slow
SIDE_FEATURE, encount bug video offici account cant play horizont
SOCIAL, instal app first time instantli ban log first time said use unauthor plugin softwar
SIDE_FEATURE, paid dark theme still white background
SOCIAL, updat new version applic cannot see number peopl nearbi request anymor
SIDE_FEATURE, download realis format enjoy ask delet account within minut activ refus
SIDE_FEATURE, also receiv messag
SIDE_FEATURE, pleas consid version previou featur
SIDE_FEATURE, shake alway show peopl 1000km
SIDE_FEATURE, app forc agre w permiss might becom threat safeti privaci
SECURITY, long gab activ account paus
SECURITY, accept time unlock account
SIDE_FEATURE, cant log via email phone
SECURITY, must fix right away cuz mani ppl would miss import messag due freak bug
SIDE_FEATURE, ive alway love line past week dont receiv messag whe sent receiv notif 2-3 h hour later right open app see ive gotten messag
SIDE_FEATURE, tri creat new account ive gotten differ error messag
SIDE_FEATURE, way enabl landscap mode give star
SIDE_FEATURE, pleas hope chang id line
SIDE_FEATURE, older translat servic simpler cleaner
SIDE_FEATURE, dude search button gone new updat also add peopl add
SIDE_FEATURE, messag bottl work
SIDE_FEATURE, even cant regist new acount countri
SIDE_FEATURE, unstabl call connect time wherea other dont face issu voicecal anyoth app work great last time reinstal solv issu noth improv
SIDE_FEATURE, secur verif use couldnt open
SIDE_FEATURE, bring back pop notif cant see someon sent multipl messag
SIDE_FEATURE, hope way delet clear messag chat improv whatssap clear chat except one chose favorit
SIDE_FEATURE, oh delet note anoth user
SIDE_FEATURE, still lack app allow share one time
SIDE_FEATURE, friend new account yet way unlock
SIDE_FEATURE, switch devic ask help lose everyth ignor start complet
SIDE_FEATURE, auto join got invit group bit disturb
SIDE_FEATURE, wifi connect speed 3-4 mbp sim card use verif primari sim
SIDE_FEATURE, mani featur game galor
SIDE_FEATURE, secur check page start load load load never end
SIDE_FEATURE, shown group chat current set make difficult see sender name wallpap
SIDE_FEATURE, realli necessari turn screen use speaker call
SIDE_FEATURE, receiv notif vibrat indic messag arriv
SIDE_FEATURE, doesnt notifi messag receiv
SIDE_FEATURE, cannot log version
SIDE_FEATURE, need find someon use app
SIDE_FEATURE, get notif messag call time
SIDE_FEATURE, pend send messag
SIDE_FEATURE, cant search nearbi friend
SIDE_FEATURE, cant share link one messag
SIDE_FEATURE, pleas bring back pop-up notif
SIDE_FEATURE, acc alway block without reason
SIDE_FEATURE, pleas allow us use prefer camera
SOCIAL, friend india abl login new account use chat ask us scan qr code use previou user
SIDE_FEATURE, updat cant video call task phone
SIDE_FEATURE, take forev get regist
SIDE_FEATURE, tri use exist log didnt work
SIDE_FEATURE, like app alot notic wont get messag time even full bar wifi signal strong
SIDE_FEATURE, purpos unsend
SIDE_FEATURE, articl subscript show abnorm sinc last updat
OTHERS, paypal
SIDE_FEATURE, often delay sometim complet stop work
SIDE_FEATURE, aggress permiss request though justifi case
SIDE_FEATURE, couldnt even use account
SIDE_FEATURE, right allow sm never arriv
SIDE_FEATURE, couldnt use facetim use line video chat
SIDE_FEATURE, cant join without someon verifi
SIDE_FEATURE, updat verifi secur new user creat account
SIDE_FEATURE, current like-stick feel bore aliv
SIDE_FEATURE, mani hidden prostitut app
SIDE_FEATURE, touch icon tri call person
SIDE_FEATURE, registr process fail sign mark login suspici
SIDE_FEATURE, cant even sign kind retard app
SIDE_FEATURE, cant get send messag last day
SIDE_FEATURE, chang new phone cant login kept say account may compromis
SIDE_FEATURE, cant even log
SIDE_FEATURE, video call great china especi android user
SIDE_FEATURE, cant log
SIDE_FEATURE, take delay final see chat screen
SOCIAL, dont wanna unsend messag featur make loss inform unsend messag easili
SIDE_FEATURE, access one account anoth devic like anoth smartphon would excel
OTHERS, sign say account comprimis
SOCIAL, latest updat qualiti photo send worst send screenshot photo line photo quliti get worst pleas fix bug
SIDE_FEATURE, use okay video call sometim buggi app still fast sticker recommand featur work great
SECURITY, day instal stop let log claim account bulk registr use plugin
SIDE_FEATURE, use abl send locat see nearbi
SIDE_FEATURE, app allow delet account take control contact forceful permiss
SIDE_FEATURE, ask friend provid mine friend passport copi bank account detail
SIDE_FEATURE, couldnt receiv greet poor servic provid
SIDE_FEATURE, app use good tri send small size video take long time
SIDE_FEATURE, unabl login
SOCIAL, origin noti tone hurt ear hell ok caus alway chang recent version line rip tone option bell tone give ear cancer
SIDE_FEATURE, unabl regist new jio seri number
SIDE_FEATURE, cant post join eras post admin squar
SIDE_FEATURE, even retriev password enter system
SIDE_FEATURE, frustrat got block use n emul uninstal third parti app still block
SIDE_FEATURE, pleas make user capabl delet photo video post
SIDE_FEATURE, send sticker video chat
SIDE_FEATURE, onlin help help desk
SIDE_FEATURE, notif cant notifi msg receiv
SIDE_FEATURE, make secur check easier like email verif exampl
SIDE_FEATURE, recent updat wait least second photo friend sent us show
SIDE_FEATURE, add new handi featur like last seen quick repli specif person chat
SIDE_FEATURE, cant find peopl world use shake keep find peopl one region east asia
SIDE_FEATURE, month backup pc uninstal delet tencent folder reinstal restor regain 2-3 gig intern storag
SECURITY, reactiv account suck
SIDE_FEATURE, one msg unabl find u peopl nearbi
SIDE_FEATURE, pleas add option chang languag news line today regardless locat
SIDE_FEATURE, prefer give app complet access file devic request cant even get past splash screen
SOCIAL, im issu cant see notif got phone screen lock doesnt show notif pop messag
SIDE_FEATURE, give retract menu
SIDE_FEATURE, cant log account
SIDE_FEATURE, went secur till friend suppos confirm account
SIDE_FEATURE, landscap mode
SOCIAL, cant enter sign-in code send text messag tri restart sign process
SIDE_FEATURE, regist say suspici registr
SIDE_FEATURE, run lattest updat open app notif frequent lag oneplu 5t pleas fix never problem
SIDE_FEATURE, earth well moom even univers suppos wechat user help identifi
SOCIAL, open itll say network unavail top second itll disappear connect load new messag
SOCIAL, new version block log-in consent verif link consent
SIDE_FEATURE, harder make audio video call sometim show anoth activ call none
SIDE_FEATURE, like whatsapp also support backup option chat histori googl account
SIDE_FEATURE, never terribl experi set account
SIDE_FEATURE, cant find rington set messag
SECURITY, latest updat caus messag notif
SIDE_FEATURE, cant add accept ive tri accept friend keep get inadequ
SIDE_FEATURE, account block troublesom complet useless thing get account back cannot deactiv account
SIDE_FEATURE, cant see person onlin
SIDE_FEATURE, app great experienc problem couldnt open app video call someon
SIDE_FEATURE, tri hard sign app keep tell verif timeout abl log
OTHERS, kick
SIDE_FEATURE, would nice display messag friend text like past
SOCIAL, even sign dont know anyon use wechat
SIDE_FEATURE, enter phone number password direct term condit accept term condit redirect first sign page loop
SIDE_FEATURE, even show number messag icon home screen
SIDE_FEATURE, add onlin featur
SIDE_FEATURE, know phone alreadi gone find phone get verifi code
SIDE_FEATURE, face show red color call line video
SIDE_FEATURE, would like suggest gestur control
SIDE_FEATURE, stupid app creat account need verif click verifi keep load forev
SIDE_FEATURE, app browser suck
SIDE_FEATURE, also ive encount problem notif longer appear
SIDE_FEATURE, didnt even realis friend repli saw
SIDE_FEATURE, suddenli cant use wallet even though open red packet
SIDE_FEATURE, idk wht problem delet messag grup even sticker theme bought store
SIDE_FEATURE, would like option administr group
SIDE_FEATURE, said dont translat languag anoth give option
SIDE_FEATURE, cant edit custom sound set text call line featur
SIDE_FEATURE, cannot send voic mall urdu languag need helppp
SECURITY, account block kinda user sent unusu greet mani greet
SIDE_FEATURE, wechat somehow bypass disturb mode keep notifi new messag arriv
SIDE_FEATURE, reli wechat pc dont time alway open app alway pc even
SIDE_FEATURE, type statu indonesia avail
SIDE_FEATURE, ask verifi age redirect carrier page even carrier
SIDE_FEATURE, support split screen
SOCIAL, sinc past month chines user get shown nearbi shake
SIDE_FEATURE, id like see option disabl function
SIDE_FEATURE, ye app slow hai aur phone bhi hang karti hai pleas chang kije wais logout hai ye best hai ap
SOCIAL, pleas updat app show weather person onlin cant see weather friend massag ignor
SIDE_FEATURE, love almost everyh except fact cant chang usernam suck lot
SIDE_FEATURE, cant even sign
SIDE_FEATURE, verifi new account
SIDE_FEATURE, log show invalid number
SIDE_FEATURE, hell wechat first time tri useit ask someth like verifi account friend
SIDE_FEATURE, previou version use allow log email address forgot facebook account link
SOCIAL, provid everi requir correctli agre everi thing say invalid number pleas help otherwis
SIDE_FEATURE, take hour regist take second whatsapp advanc app
SIDE_FEATURE, pleas work need make payment
SIDE_FEATURE, voic call sent car radio
SIDE_FEATURE, load data open pictur send greet updat profil pic etc aw
SIDE_FEATURE, app let make phone call without give permiss record call
SIDE_FEATURE, thing garbag went phone phone number problem
SIDE_FEATURE, soon go bankrupt hope china get better easi yet secur messag app wechat
SIDE_FEATURE, account block frozen cant open
OTHERS, imposs join
SIDE_FEATURE, chat featur allow us forward back messag could easili notic question accord answer
SIDE_FEATURE, good pleas make retract messag featur make line stori like instagram whatsapp
SIDE_FEATURE, hide block option want remov friend block
SIDE_FEATURE, need open link web browser limit web preview
SIDE_FEATURE, didnt receiv notif
SIDE_FEATURE, reason get messag late peopl
SIDE_FEATURE, easi find new friend
SIDE_FEATURE, abl send voic messag messag send could heard parti
SIDE_FEATURE, get frustrat verifi first timer log said
SIDE_FEATURE, unlock ask month old exist user
SIDE_FEATURE, app add email recommend other
SIDE_FEATURE, better compat differ dpi set
SIDE_FEATURE, worst experi login
SIDE_FEATURE, suggest hide unhid option notif bar instead
SOCIAL, reinstal app multipl time check phone set line mute sound mute yet get notif
SIDE_FEATURE, would given star last updat cant seem see member chat room
SIDE_FEATURE, ur updat timelin
SIDE_FEATURE, need translat app complic talk countri friend
SOCIAL, iphon samsung cant login say ban need find one verifi
SIDE_FEATURE, current quot function avail web version
SIDE_FEATURE, lost chat histori friend famili
OTHERS, account hack
SIDE_FEATURE, pleas updat android version black
SIDE_FEATURE, wechat shake work
SECURITY, cannot adjust volum video call loud disturb
SIDE_FEATURE, last month face problem time sign contact number show invalid
SIDE_FEATURE, open prepaid top page blank
SIDE_FEATURE, im miss import messag
SIDE_FEATURE, abl creat account bad app dont use
SIDE_FEATURE, purchas theme mess updat
SIDE_FEATURE, glitch send messag call without pick mark messag read even though didnt read
SIDE_FEATURE, take second
SIDE_FEATURE, updat googl chrome see pictur line today
SIDE_FEATURE, got problem peopl cannot see nearbi
SIDE_FEATURE, tri show error repeatedli
SIDE_FEATURE, non us accept approv friend request
SIDE_FEATURE, howev late app wont notifi new messag
SOCIAL, wouldnt know someon text call silent mode
SIDE_FEATURE, make line squar malaysia
SIDE_FEATURE, seem cant even delet account sinc cant log ridicul
SIDE_FEATURE, stuck load sign log
SIDE_FEATURE, imposs new user sign
SIDE_FEATURE, dont know updat app made doesnt work anymor
SIDE_FEATURE, tri login old account hard get back even phone number
SIDE_FEATURE, current version multi window support broken use work
SIDE_FEATURE, tri find email complic
SIDE_FEATURE, tri block user wasnt block list
SIDE_FEATURE, liter open app messag would come
SECURITY, account suddenli block due suspici login
SIDE_FEATURE, say connect failur second new msg appear
SIDE_FEATURE, due repeatedli block account lost mani assign
SIDE_FEATURE, kinda irrit see theme bought dont fulli appli
SIDE_FEATURE, laptop wait messag shown
SIDE_FEATURE, use correct login credenti prompt scan qr code wechat previou phone also old regist mobil number chang
SOCIAL, updat found bug send photo video photo resolut drop even send origin photo
SIDE_FEATURE, save lot post timelin empti chat group theyr cant open
OTHERS, lock old account
SIDE_FEATURE, app fals claim need access phonebook verifi phone number email verifi mean
SIDE_FEATURE, account name id compromis someon
SIDE_FEATURE, keep tap resend work
SIDE_FEATURE, cant even make account without give credit card inform
SIDE_FEATURE, think upgrad push messag
SIDE_FEATURE, cant even log mistak
SIDE_FEATURE, doesnt work write phone number start
SOCIAL, cant even open video photo group chat updat know newest version caus mani troubl wont even updat app
SECURITY, ask sign sinc decid block ground use unauthoris plug-in even though done noth sort
SIDE_FEATURE, cant verifi account
SIDE_FEATURE, tri talk friend get respons
SIDE_FEATURE, suppos couldnt even creat account
SOCIAL, band chang phone iphon android
SIDE_FEATURE, receiv
SIDE_FEATURE, hey never use block
SIDE_FEATURE, dont open timelin pleas help
SIDE_FEATURE, pop notif screen work
OTHERS, account block
SIDE_FEATURE, cannot share messag app
SIDE_FEATURE, tri set account im requir find person sign
SIDE_FEATURE, problem caus wallpap cover photo reset
SIDE_FEATURE, cant use peopl nearbi anymor
SIDE_FEATURE, video call devic could go sleep annoy
SIDE_FEATURE, one suggest side pleas add mute mic button videocal that avail app kind
SIDE_FEATURE, cant login shame shame need access contact list
SIDE_FEATURE, dont menu display notif screen
SIDE_FEATURE, got block one day registr due supposedli suspici activ nonsens
SIDE_FEATURE, simultan login phone tablet andriod would great well
SIDE_FEATURE, screen display get biggest
SECURITY, use xiaomi plu instal app app support custom alert sound anymor
SIDE_FEATURE, sent dozen greet singl respons
SIDE_FEATURE, wouldnt see notif
SIDE_FEATURE, cant login newest version
SIDE_FEATURE, updat longer notifi new messag
SOCIAL, cant get friend app month previou confirm an help get acxount un-block gotten app contact famili gone travel china therefor friend new
SOCIAL, websit link sent send money
SIDE_FEATURE, see would better
SIDE_FEATURE, account constantli block suspici login there perman remedi
SIDE_FEATURE, auto preveiw video chat android pleas
SIDE_FEATURE, receiv new messag day didnt open app somehow found reason use full charg 8hr
SIDE_FEATURE, set phone account notif im miss everi messag sinc last week
OTHERS, worst app
SECURITY, lock one day say suspici activ account compromis
SIDE_FEATURE, want creat new account dont get verif messag
SIDE_FEATURE, problem im latest android os version new updat say gif im
SIDE_FEATURE, mention new game stuck dont even work like suppos
SIDE_FEATURE, ad subscript account articl page alway play automat
SIDE_FEATURE, horribl app forget password get trap catch situat
SIDE_FEATURE, cant receiv push notif small pop like
SIDE_FEATURE, love app use daili im troubl post tweet timelin late wont preview photo tweet see twitter bird part tweet show
SIDE_FEATURE, enter wechat font big relaunch chang back normal default font size
SIDE_FEATURE, occasion wrong translat work well enough
OTHERS, notif still
SIDE_FEATURE, onlin type tag shown top talk like whatsapp show far extra ordinari whatsapp
SIDE_FEATURE, send gif becom pictur
SIDE_FEATURE, cant chang pm
SIDE_FEATURE, abl add friend id
SIDE_FEATURE, super lousi app lousi secur ban peopl account reason
SIDE_FEATURE, tell turn pop notif plea anoy
SIDE_FEATURE, alway use facebook login fill captcha right alway back login page
SIDE_FEATURE, live app especi translat factor
SECURITY, set account wechat decid account suspici block
SOCIAL, make wont connect incom call
SIDE_FEATURE, unabl login wechat id reset phone
SIDE_FEATURE, notif often work
SIDE_FEATURE, someon tire hack account easier way user control account instead complet block usag
SOCIAL, chines cant instead trade away lot privat data permiss littl gain
SIDE_FEATURE, know account password cant verifi use qr code friend
SIDE_FEATURE, alway hear doubl voci
SOCIAL, line today cannot access
SIDE_FEATURE, fantast translat whenev talk chines friend alway use app
SIDE_FEATURE, easi use allow post photo allow stori block list easi gif ad system lame gif download internet
SOCIAL, cant chat anyon pleas fix asap
SIDE_FEATURE, past account recoveri way better see could help
SIDE_FEATURE, got account second later get messag say block account hack
SIDE_FEATURE, cover photo becom potrait dont like
SIDE_FEATURE, game thing suppos shoot sticker dont work either
SIDE_FEATURE, chang pw dont rememb email
SIDE_FEATURE, great cant use wallpap room chat
SIDE_FEATURE, chang star updat registr process
SIDE_FEATURE, featur unintuit creat group chat
OTHERS, cant post anyth day
SIDE_FEATURE, latest version crash user interfac ui make voic call video call fall back older version
SOCIAL, call arriv time call doesnt connect show connect
SIDE_FEATURE, cant log use facebook
SIDE_FEATURE, sent mani email reset password easi app ask send code sent request friend come
SIDE_FEATURE, cant customis notif tone
SIDE_FEATURE, issu launch mini program sinc updat v6
SIDE_FEATURE, updat im unabl send receiv messag say server error
SIDE_FEATURE, hard sign app
SIDE_FEATURE, need separ notif group person chat
SIDE_FEATURE, randomli receiv messag notif sinc 1/2 year ago
SIDE_FEATURE, pl fix better experi especi ad peopl cant view sever emoji
SIDE_FEATURE, app issu icon dont clear notof
SECURITY, hope line could updat featur also
SIDE_FEATURE, tri send video almost load stop work im wifi 4g
SIDE_FEATURE, automat restart whole app everytim go yo friend album
SIDE_FEATURE, video call block like
SOCIAL, cant even login desktop app phone requir confirm desktop login cant access app
SIDE_FEATURE, took 5-10 second wait sticker come press ok button stupid messag
SECURITY, your automat group invit
SIDE_FEATURE, pleas make chang id featur add new account one phone number
SIDE_FEATURE, long wait get account back
SIDE_FEATURE, unabl sign
SOCIAL, one star cant log account tri make new account still wouldnt let tri use othet number still wouldnt let onr know wechat id account
SIDE_FEATURE, often alert receiv chat
SECURITY, lock suspici activ
SIDE_FEATURE, sure notif wont show wear os devic
SIDE_FEATURE, problem wechat account share photo directli album galari show pleas wait share direct photo
SIDE_FEATURE, dunno suddenli cant receiv red packet rmb
SIDE_FEATURE, make draggin system stacker galleri manag custom sticker
SOCIAL, line doesnt keep updat version galleri whenev want send pictur exit app share line galleri
SIDE_FEATURE, wechat say report cannot use bottl anymor
SIDE_FEATURE, sinc updat new version unabl add friend peopl nearbi
SOCIAL, pleas bring back screen pop notif inconveni new updat
SIDE_FEATURE, everytim tri sign go secur part send right back make account everi singl time
SIDE_FEATURE, cant sign app ask request user scan qr code even qr good person told see news
SIDE_FEATURE, find user verifi profil wont let
SIDE_FEATURE, there part dont get cover wallpap show plain colour
SOCIAL, alreadi use account month still cant receiv greet peopl peopl nearbi featur
SIDE_FEATURE, nowaday becam useless take chines peopl whenev shake
SIDE_FEATURE, fraudster use photo cannot find elsewher net seem authent
SIDE_FEATURE, cant chang tone sound
SIDE_FEATURE, cant log chat
SOCIAL, separ translat chines english seper text box place littl advertis say use wechat translat
SOCIAL, bad app alibaba seller want use instal cant even commun anyon
SIDE_FEATURE, eventhough im tri get use navig bar theme still compat
SIDE_FEATURE, user confirm phone login
SIDE_FEATURE, cant even join group line squar keep tell need updat app although date
SIDE_FEATURE, app divid mani window everi time open chat
SIDE_FEATURE, shake alway get china peopl
SIDE_FEATURE, open line app messag come account
SECURITY, automat cut anoth call come
SIDE_FEATURE, account time account lock password secur block account tri password three day tech support say 14day follow month
SOCIAL, wish line regul comment section line today contain lot profan hatr
SOCIAL, week im abl login account everi time tri login keep tell unknown error occur
SIDE_FEATURE, wechat look nearbi like work
SECURITY, call call say mic issu
SOCIAL, cannot reactiv dont know anyon use
SIDE_FEATURE, canr send text pm statu even voic note
SIDE_FEATURE, need smartphon access
SOCIAL, option unlock enter wechat user verifi bit difficult dont know anyon meet criteria
SIDE_FEATURE, in-app notif rington
SIDE_FEATURE, recent version stop work android
SIDE_FEATURE, cannot recov password via email phone number case want chang devic without lose chat
SOCIAL, want backup chst histori reinstal wechat cant even back chat histori need confirm phone cant stop work
SOCIAL, doesnt mean cant sign
SIDE_FEATURE, dont understand account block reason
SIDE_FEATURE, hell find user use whatsapp went experi smooth like whatsapp call friend famili member
SIDE_FEATURE, short wechat allow us chat other around world even give opportun learn speak languag use worldwid
SIDE_FEATURE, cant get messag time
SIDE_FEATURE, someth app want put emo icon cant appear until press time
SIDE_FEATURE, cant tri anyth tri hard get back account
SIDE_FEATURE, get notif new messag come
SIDE_FEATURE, sinc upgrad applic abort due secur set
SIDE_FEATURE, cant get past secur check ridicul wast time
SIDE_FEATURE, pleas fix make simpl regist like way
SIDE_FEATURE, secur idea
SECURITY, love beacaus call bff
SOCIAL, consist drop call encount connect issu everi minut absolut terribl call qualiti total disgrac
SIDE_FEATURE, late terribl
SIDE_FEATURE, need proxi set android io connect wifi offic connect
SIDE_FEATURE, complet unus tri make account immedi block even made usernam
SIDE_FEATURE, unabl process unabl send alway problem
OTHERS, also alot rubbish window top cant disabl
SOCIAL, tri log account use mobil number receiv otp app keep go back signup screen instead log
SIDE_FEATURE, think chines app hidden motiv get inform without consent
SIDE_FEATURE, new updat notif come block screen interrupt
SIDE_FEATURE, lock complet unabl use dont allow email verif
SIDE_FEATURE, log process bad right need explan make way back
SIDE_FEATURE, didnt even got chanc login
SIDE_FEATURE, rate would higher new auto-answ featur
SOCIAL, set run background alway yet still doesnt notifi unless click app
SOCIAL, im tri make new account old number expir cant unless someon els regist number scan qr code
SIDE_FEATURE, cant receiv cht msg bottl anymor
SIDE_FEATURE, call come without notif ring well
SIDE_FEATURE, number notif wont disappear open messag
SIDE_FEATURE, femal appear nearbi peopl
SIDE_FEATURE, suddenli dont receiv notif unless app activ screen
SIDE_FEATURE, abil seek voic messag
SIDE_FEATURE, keep show new notif noth click
SIDE_FEATURE, cant receiv msg call im watch youtub
SIDE_FEATURE, dont understand add stupid option unsend messag time app crush
OTHERS, 
